Transaction_ID,Items
1,"Sandwich,Cappuccino,Muffin,Croissant,Cookie,Avocado Toast,Iced Coffee,Black Coffee"
2,"Americano,Waffles,Cookie,Green Tea,Iced Coffee,Bagel,Brownie,Panini,Black Coffee"
3,"Americano,Iced Coffee,Cookie"
4,"Sandwich,Cookie,Tea,Iced Coffee,Salad,Panini"
5,"Americano,Black Coffee,Tea,Donut"
6,"Americano,Waffles,Mocha,Salad,Pasta"
7,"Americano,Waffles,Cookie,Iced Coffee,Black Coffee"
8,"Cookie,Iced Coffee,Latte"
9,"Hot Chocolate,Omelette,Cookie,Iced Coffee,Fruit Parfait,Pasta"
10,"Smoothie,Croissant,Cookie,Tea,Iced Coffee,Salad,Pasta"
11,"Cookie,Tea,Iced Coffee,Brownie,Panini"
12,"Iced Coffee,Cookie,Tea"
13,"Wrap,Latte,Hot Chocolate,Donut,Avocado Toast,Green Tea,Mocha,Black Coffee"
14,"Muffin,Black Coffee,Cookie,Donut"
15,"Muffin,Croissant,Cheesecake,Salad,Pasta"
16,"Smoothie,Black Coffee,Donut,Tea"
17,"Hot Chocolate,Americano,Granola Bowl,Cookie,Iced Coffee"
18,"Croissant,Macchiato,Donut,Iced Coffee,Salad,Black Coffee"
19,"Americano,Smoothie,Cookie,Tea,Iced Coffee"
20,"Americano,Iced Coffee,Latte,Cookie"
21,"Pasta,Salad,Tea"
22,"Smoothie,Black Coffee,Donut,Tea"
23,"Cookie,Panini,Iced Coffee,Latte"
24,"Fruit Parfait,Iced Coffee,Croissant,Cookie"
25,"Black Coffee,Croissant,Salad,Donut"
26,"Americano,Salad,Hot Chocolate,Pasta"
27,"Sandwich,Americano,Waffles,Cookie,Iced Coffee,Fruit Parfait"
28,"Muffin,Granola Bowl,Donut,Tea,Black Coffee"
29,"Croissant,Avocado Toast,Salad,Pasta,Panini"
30,"Americano,Waffles,Donut,Salad,Black Coffee"
31,"Americano,Granola Bowl,Macchiato,Donut,Iced Coffee,Black Coffee"
32,"Americano,Smoothie,Salad,Pasta"
33,"Espresso,Smoothie,Croissant,Cookie,Donut,Green Tea,Black Coffee"
34,"Iced Coffee,Croissant,Cookie"
35,"Pasta,Salad,Tea"
36,"Wrap,Americano,Muffin,Croissant,Salad,Pasta"
37,"Croissant,Cookie,Mocha,Cheesecake,Iced Coffee"
38,"Pasta,Salad,Tea"
39,"Latte,Americano,Donut,Mocha,Panini,Black Coffee"
40,"Waffles,Croissant,Avocado Toast,Salad,Pasta"
41,"Americano,Donut,Tea,Fruit Parfait,Black Coffee"
42,"Espresso,Wrap,Granola Bowl,Cookie,Fruit Parfait,Salad,Pasta"
43,"Cookie,Iced Coffee,Latte"
44,"Americano,Waffles,Green Tea,Salad,Pasta"
45,"Americano,Iced Coffee,Cookie,Tea"
46,"Salad,Latte,Pasta"
47,"Omelette,Croissant,Green Tea,Salad,Pasta"
48,"Americano,Waffles,Macchiato,Salad,Pasta"
49,"Green Tea,Black Coffee,Donut,Tea"
50,"Wrap,Cookie,Tea,Donut,Black Coffee"
51,"Cookie,Iced Coffee,Croissant,Latte"
52,"Cookie,Donut,Tea,Cheesecake,Bagel,Fruit Parfait,Salad,Brownie,Black Coffee"
53,"Macchiato,Croissant,Tea,Bagel,Salad,Pasta"
54,"Americano,Granola Bowl,Macchiato,Tea,Donut,Black Coffee"
55,"Latte,Granola Bowl,Muffin,Cookie,Iced Coffee"
56,"Sandwich,Donut,Tea,Green Tea,Fruit Parfait,Panini,Black Coffee"
57,"Iced Coffee,Croissant,Cookie"
58,"Iced Coffee,Croissant,Cookie"
59,"Sandwich,Wrap,Americano,Muffin,Tea,Avocado Toast,Salad,Pasta"
60,"Iced Coffee,Croissant,Cookie"
61,"Espresso,Chai Latte,Granola Bowl,Cookie,Donut,Cheesecake,Black Coffee"
62,"Wrap,Americano,Waffles,Donut,Mocha,Iced Coffee,Black Coffee"
63,"Bagel,Iced Coffee,Cookie"
64,"Latte,Americano,Smoothie,Mocha,Salad,Fruit Parfait,Pasta"
65,"Bagel,Salad,Latte,Pasta"
66,"Espresso,Donut,Tea,Fruit Parfait,Black Coffee"
67,"Sandwich,Latte,Granola Bowl,Donut,Black Coffee"
68,"Americano,Fruit Parfait,Salad,Pasta"
69,"Black Coffee,Cookie,Donut"
70,"Pasta,Salad,Donut,Tea"
71,"Wrap,Croissant,Mocha,Fruit Parfait,Salad,Pasta"
72,"Cookie,Iced Coffee,Latte,Muffin"
73,"Americano,Cheesecake,Black Coffee,Donut"
74,"Latte,Avocado Toast,Salad,Pasta,Black Coffee"
75,"Americano,Salad,Hot Chocolate,Pasta"
76,"Pasta,Bagel,Croissant,Salad"
77,"Espresso,Latte,Tea,Donut,Black Coffee"
78,"Latte,Hot Chocolate,Muffin,Cookie,Iced Coffee,Fruit Parfait"
79,"Omelette,Croissant,Donut,Green Tea,Salad,Brownie,Black Coffee"
80,"Hot Chocolate,Croissant,Cookie,Mocha,Iced Coffee"
81,"Wrap,Cappuccino,Waffles,Donut,Tea,Black Coffee"
82,"Black Coffee,Donut,Tea"
83,"Sandwich,Salad,Latte,Pasta"
84,"Cappuccino,Americano,Waffles,Cookie,Mocha,Iced Coffee,Pasta"
85,"Latte,Granola Bowl,Avocado Toast,Cheesecake,Green Tea,Salad,Pasta"
86,"Macchiato,Tea,Donut,Salad,Pasta,Brownie,Panini"
87,"Smoothie,Croissant,Donut,Brownie,Black Coffee"
88,"Latte,Granola Bowl,Croissant,Cookie,Iced Coffee"
89,"Americano,Black Coffee,Croissant,Donut"
90,"Cappuccino,Muffin,Smoothie,Donut,Tea,Cheesecake,Black Coffee"
91,"Iced Coffee,Cookie,Tea"
92,"Latte,Omelette,Smoothie,Donut,Green Tea,Black Coffee"
93,"Black Coffee,Cookie,Donut"
94,"Omelette,Cookie,Cheesecake,Iced Coffee,Brownie,Black Coffee"
95,"Sandwich,Americano,Donut,Tea,Cheesecake,Green Tea,Black Coffee"
96,"Iced Coffee,Macchiato,Cookie,Tea"
97,"Sandwich,Americano,Croissant,Cookie,Cheesecake,Iced Coffee"
98,"Americano,Granola Bowl,Smoothie,Cookie,Mocha,Salad,Pasta"
99,"Iced Coffee,Croissant,Cookie,Latte"
100,"Wrap,Cookie,Green Tea,Iced Coffee,Salad,Pasta,Brownie,Black Coffee"
101,"Espresso,Cookie,Salad,Pasta,Brownie"
102,"Mocha,Iced Coffee,Sandwich,Cookie"
103,"Americano,Iced Coffee,Panini,Cookie"
104,"Espresso,Hot Chocolate,Croissant,Donut,Pasta,Black Coffee"
105,"Sandwich,Croissant,Donut,Avocado Toast,Panini,Black Coffee"
106,"Americano,Cookie,Bagel,Salad,Pasta"
107,"Muffin,Croissant,Cookie,Donut,Iced Coffee"
108,"Iced Coffee,Cookie,Tea"
109,"Cookie,Salad,Latte,Pasta"
110,"Croissant,Bagel,Salad,Pasta,Panini"
111,"Pasta,Salad,Tea"
112,"Espresso,Sandwich,Americano,Macchiato,Donut,Black Coffee"
113,"Black Coffee,Donut,Tea"
114,"Americano,Black Coffee,Donut"
115,"Latte,Cookie,Tea,Cheesecake,Iced Coffee,Panini"
116,"Black Coffee,Croissant,Donut"
117,"Americano,Salad,Pasta"
118,"Hot Chocolate,Americano,Bagel,Salad,Pasta"
119,"Black Coffee,Latte,Donut"
120,"Cookie,Iced Coffee,Latte"
121,"Cappuccino,Latte,Macchiato,Croissant,Donut,Mocha,Black Coffee"
122,"Espresso,Cookie,Tea,Salad,Pasta"
123,"Cappuccino,Croissant,Cheesecake,Salad,Pasta"
124,"Espresso,Americano,Waffles,Donut,Pasta,Brownie,Black Coffee"
125,"Latte,Hot Chocolate,Cookie,Cheesecake,Iced Coffee,Panini"
126,"Sandwich,Latte,Granola Bowl,Tea,Bagel,Salad,Pasta"
127,"Black Coffee,Cookie,Donut"
128,"Cookie,Bagel,Iced Coffee,Latte"
129,"Omelette,Cookie,Tea,Iced Coffee,Panini"
130,"Panini,Black Coffee,Latte,Donut"
131,"Latte,Sandwich,Smoothie,Croissant,Muffin,Cookie,Donut,Iced Coffee,Pasta"
132,"Croissant,Cookie,Avocado Toast,Iced Coffee,Brownie"
133,"Latte,Hot Chocolate,Donut,Mocha,Pasta,Black Coffee"
134,"Smoothie,Americano,Black Coffee,Donut"
135,"Wrap,Cappuccino,Cookie,Donut,Cheesecake,Black Coffee"
136,"Avocado Toast,Salad,Cookie,Pasta"
137,"Cookie,Panini,Iced Coffee,Latte"
138,"Salad,Latte,Pasta"
139,"Espresso,Wrap,Americano,Donut,Cheesecake,Black Coffee"
140,"Black Coffee,Granola Bowl,Cookie,Donut"
141,"Wrap,Croissant,Cookie,Tea,Iced Coffee,Pasta,Brownie,Black Coffee"
142,"Sandwich,Latte,Americano,Smoothie,Mocha,Iced Coffee,Salad,Pasta"
143,"Hot Chocolate,Americano,Cookie,Tea,Green Tea,Bagel,Iced Coffee"
144,"Latte,Wrap,Cookie,Cheesecake,Iced Coffee,Panini"
145,"Iced Coffee,Croissant,Cookie"
146,"Latte,Donut,Tea,Mocha,Cheesecake,Black Coffee"
147,"Chai Latte,Iced Coffee,Cookie,Tea"
148,"Chai Latte,Croissant,Donut,Tea,Black Coffee"
149,"Cookie,Iced Coffee,Latte"
150,"Cheesecake,Black Coffee,Croissant,Donut"
151,"Cappuccino,Tea,Fruit Parfait,Salad,Pasta"
152,"Latte,Omelette,Cookie,Donut,Cheesecake,Black Coffee"
153,"Americano,Iced Coffee,Cookie,Hot Chocolate"
154,"Sandwich,Americano,Waffles,Cookie,Iced Coffee"
155,"Chai Latte,Black Coffee,Latte,Donut"
156,"Latte,Omelette,Tea,Salad,Pasta"
157,"Americano,Smoothie,Granola Bowl,Donut,Black Coffee"
158,"Americano,Macchiato,Salad,Pasta,Panini"
159,"Wrap,Sandwich,Omelette,Macchiato,Donut,Tea,Black Coffee"
160,"Omelette,Cookie,Iced Coffee,Salad,Pasta,Brownie"
161,"Omelette,Americano,Avocado Toast,Salad,Pasta"
162,"Cappuccino,Americano,Macchiato,Cookie,Iced Coffee"
163,"Wrap,Latte,Granola Bowl,Cookie,Iced Coffee"
164,"Salad,Cookie,Pasta"
165,"Croissant,Cookie,Iced Coffee,Salad,Bagel,Black Coffee"
166,"Tea,Salad,Pasta,Brownie,Panini,Black Coffee"
167,"Americano,Waffles,Cookie,Iced Coffee,Pasta"
168,"Americano,Macchiato,Tea,Iced Coffee,Salad,Pasta,Brownie,Panini"
169,"Avocado Toast,Black Coffee,Cookie,Donut"
170,"Americano,Cookie,Tea,Donut,Black Coffee"
171,"Muffin,Black Coffee,Cookie,Donut"
172,"Pasta,Brownie,Croissant,Salad"
173,"Black Coffee,Donut,Tea"
174,"Chai Latte,Omelette,Donut,Tea,Black Coffee"
175,"Cheesecake,Salad,Cookie,Pasta"
176,"Omelette,Americano,Cookie,Tea,Iced Coffee"
177,"Wrap,Cookie,Bagel,Salad,Pasta"
178,"Latte,Chai Latte,Macchiato,Mocha,Salad,Pasta,Black Coffee"
179,"Bagel,Salad,Latte,Pasta"
180,"Pasta,Croissant,Salad"
181,"Latte,Tea,Cheesecake,Salad,Pasta"
182,"Hot Chocolate,Americano,Waffles,Macchiato,Donut,Salad,Black Coffee"
183,"Omelette,Iced Coffee,Cookie,Tea"
184,"Latte,Donut,Salad,Pasta,Brownie,Black Coffee"
185,"Iced Coffee,Cookie,Tea"
186,"Hot Chocolate,Chai Latte,Cookie,Mocha,Iced Coffee"
187,"Latte,Omelette,Americano,Smoothie,Croissant,Cookie,Bagel,Iced Coffee,Pasta"
188,"Espresso,Cookie,Donut,Iced Coffee,Black Coffee"
189,"Pasta,Brownie,Croissant,Salad"
190,"Sandwich,Croissant,Donut,Green Tea,Salad,Pasta"
191,"Latte,Cookie,Iced Coffee,Fruit Parfait,Salad"
192,"Black Coffee,Croissant,Donut"
193,"Sandwich,Waffles,Cookie,Donut,Bagel,Black Coffee"
194,"Muffin,Cookie,Fruit Parfait,Salad,Pasta"
195,"Pasta,Croissant,Cappuccino,Salad"
196,"Smoothie,Black Coffee,Croissant,Donut"
197,"Iced Coffee,Espresso,Cookie,Tea"
198,"Black Coffee,Latte,Donut"
199,"Cappuccino,Muffin,Cookie,Salad,Pasta"
200,"Pasta,Croissant,Salad"
201,"Hot Chocolate,Waffles,Croissant,Macchiato,Donut,Avocado Toast,Pasta,Black Coffee"
202,"Brownie,Panini,Salad,Pasta"
203,"Chai Latte,Hot Chocolate,Waffles,Donut,Cheesecake,Pasta,Black Coffee"
204,"Waffles,Avocado Toast,Bagel,Salad,Pasta,Panini"
205,"Waffles,Salad,Pasta"
206,"Americano,Granola Bowl,Croissant,Cookie,Salad,Pasta"
207,"Hot Chocolate,Waffles,Granola Bowl,Donut,Pasta,Black Coffee"
208,"Omelette,Americano,Donut,Iced Coffee,Bagel,Black Coffee"
209,"Sandwich,Wrap,Americano,Avocado Toast,Mocha,Salad,Pasta,Panini"
210,"Muffin,Smoothie,Cookie,Donut,Salad,Pasta"
211,"Black Coffee,Fruit Parfait,Cappuccino,Donut"
212,"Latte,Americano,Salad,Pasta,Panini"
213,"Omelette,Waffles,Mocha,Cheesecake,Salad,Pasta,Panini"
214,"Cappuccino,Chai Latte,Smoothie,Cookie,Tea,Iced Coffee,Bagel"
215,"Espresso,Salad,Pasta,Panini,Black Coffee"
216,"Waffles,Iced Coffee,Salad,Cookie"
217,"Bagel,Chai Latte,Black Coffee,Donut"
218,"Avocado Toast,Iced Coffee,Cookie"
219,"Omelette,Macchiato,Croissant,Donut,Bagel,Black Coffee"
220,"Waffles,Iced Coffee,Cookie"
221,"Muffin,Macchiato,Cookie,Donut,Tea,Black Coffee"
222,"Iced Coffee,Macchiato,Espresso,Cookie"
223,"Fruit Parfait,Salad,Donut,Pasta"
224,"Chai Latte,Omelette,Waffles,Donut,Black Coffee"
225,"Salad,Wrap,Pasta"
226,"Mocha,Granola Bowl,Salad,Pasta"
227,"Wrap,Cookie,Tea,Mocha,Iced Coffee"
228,"Cappuccino,Omelette,Muffin,Avocado Toast,Bagel,Salad,Pasta"
229,"Latte,Sandwich,Muffin,Cookie,Tea,Iced Coffee"
230,"Smoothie,Black Coffee,Donut"
231,"Wrap,Americano,Muffin,Donut,Fruit Parfait,Panini,Black Coffee"
232,"Muffin,Croissant,Cheesecake,Salad,Pasta"
233,"Green Tea,Black Coffee,Granola Bowl,Donut"
234,"Panini,Macchiato,Salad,Pasta"
235,"Chai Latte,Granola Bowl,Donut,Green Tea,Salad,Pasta"
236,"Cappuccino,Americano,Bagel,Salad,Pasta,Black Coffee"
237,"Macchiato,Fruit Parfait,Salad,Pasta,Black Coffee"
238,"Brownie,Iced Coffee,Cookie,Muffin"
239,"Wrap,Donut,Iced Coffee,Brownie,Black Coffee"
240,"Bagel,Black Coffee,Donut"
241,"Wrap,Waffles,Granola Bowl,Salad,Pasta"
242,"Muffin,Cookie,Green Tea,Iced Coffee,Panini"
243,"Cappuccino,Americano,Granola Bowl,Salad,Pasta"
244,"Wrap,Hot Chocolate,Granola Bowl,Cookie,Mocha,Iced Coffee"
245,"Iced Coffee,Cookie,Hot Chocolate"
246,"Salad,Sandwich,Pasta"
247,"Espresso,Donut,Avocado Toast,Cheesecake,Pasta,Black Coffee"
248,"Cheesecake,Salad,Wrap,Pasta"
249,"Hot Chocolate,Granola Bowl,Cookie,Bagel,Iced Coffee,Panini"
250,"Iced Coffee,Latte,Cookie,Tea"
251,"Wrap,Latte,Smoothie,Macchiato,Donut,Bagel,Black Coffee"
252,"Salad,Latte,Sandwich,Pasta"
253,"Green Tea,Black Coffee,Salad,Pasta"
254,"Smoothie,Black Coffee,Donut"
255,"Black Coffee,Salad,Latte,Donut"
256,"Latte,Smoothie,Macchiato,Croissant,Cookie,Mocha,Iced Coffee,Brownie"
257,"Muffin,Green Tea,Black Coffee,Donut"
258,"Cappuccino,Waffles,Smoothie,Avocado Toast,Salad,Pasta,Brownie"
259,"Macchiato,Cookie,Donut,Tea,Iced Coffee,Pasta"
260,"Latte,Americano,Avocado Toast,Salad,Pasta"
261,"Brownie,Muffin,Salad,Pasta"
262,"Cappuccino,Macchiato,Avocado Toast,Salad,Pasta,Brownie"
263,"Croissant,Macchiato,Donut,Cheesecake,Black Coffee"
264,"Black Coffee,Croissant,Iced Coffee,Donut"
265,"Cappuccino,Latte,Cookie,Iced Coffee,Brownie,Black Coffee"
266,"Black Coffee,Sandwich,Donut"
267,"Sandwich,Macchiato,Cheesecake,Bagel,Salad,Pasta,Brownie,Black Coffee"
268,"Cheesecake,Iced Coffee,Salad,Pasta"
269,"Espresso,Sandwich,Waffles,Salad,Pasta"
270,"Cappuccino,Bagel,Salad,Pasta,Panini"
271,"Wrap,Waffles,Granola Bowl,Donut,Tea,Bagel,Iced Coffee,Black Coffee"
272,"Salad,Espresso,Hot Chocolate,Pasta"
273,"Smoothie,Salad,Pasta"
274,"Latte,Omelette,Donut,Mocha,Iced Coffee,Brownie,Black Coffee"
275,"Waffles,Iced Coffee,Cookie"
276,"Cappuccino,Muffin,Green Tea,Salad,Pasta"
277,"Latte,Omelette,Americano,Cookie,Donut,Bagel,Black Coffee"
278,"Sandwich,Donut,Salad,Pasta,Brownie"
279,"Wrap,Macchiato,Cookie,Green Tea,Iced Coffee"
280,"Wrap,Iced Coffee,Cookie"
281,"Cookie,Donut,Avocado Toast,Bagel,Black Coffee"
282,"Green Tea,Salad,Macchiato,Pasta"
283,"Chai Latte,Salad,Pasta,Panini,Black Coffee"
284,"Wrap,Hot Chocolate,Cookie,Cheesecake,Iced Coffee,Salad"
285,"Pasta,Black Coffee,Fruit Parfait,Donut"
286,"Cookie,Cheesecake,Iced Coffee,Salad,Pasta,Panini"
287,"Green Tea,Black Coffee,Macchiato,Donut"
288,"Omelette,Granola Bowl,Muffin,Cookie,Iced Coffee"
289,"Waffles,Donut,Fruit Parfait,Brownie,Black Coffee"
290,"Cappuccino,Smoothie,Cookie,Donut,Tea,Bagel,Salad,Black Coffee"
291,"Bagel,Black Coffee,Sandwich,Donut"
292,"Avocado Toast,Chai Latte,Salad,Pasta"
293,"Avocado Toast,Iced Coffee,Cookie,Tea"
294,"Sandwich,Muffin,Granola Bowl,Salad,Pasta"
295,"Cappuccino,Smoothie,Cookie,Avocado Toast,Green Tea,Iced Coffee,Salad"
296,"Americano,Green Tea,Iced Coffee,Salad,Pasta"
297,"Cookie,Mocha,Iced Coffee,Fruit Parfait,Brownie"
298,"Chai Latte,Americano,Smoothie,Croissant,Cookie,Iced Coffee"
299,"Iced Coffee,Granola Bowl,Cookie"
300,"Hot Chocolate,Cheesecake,Salad,Pasta,Panini"
301,"Hot Chocolate,Omelette,Bagel,Salad,Pasta"
302,"Muffin,Cookie,Donut,Pasta,Black Coffee"
303,"Sandwich,Chai Latte,Donut,Bagel,Fruit Parfait,Pasta,Panini,Black Coffee"
304,"Black Coffee,Granola Bowl,Sandwich,Donut"
305,"Cheesecake,Salad,Hot Chocolate,Pasta"
306,"Cappuccino,Latte,Cookie,Cheesecake,Iced Coffee,Bagel"
307,"Hot Chocolate,Waffles,Cookie,Iced Coffee,Black Coffee"
308,"Cappuccino,Hot Chocolate,Americano,Donut,Iced Coffee,Black Coffee"
309,"Iced Coffee,Latte,Cookie"
310,"Panini,Black Coffee,Granola Bowl,Donut"
311,"Cappuccino,Latte,Tea,Donut,Black Coffee"
312,"Waffles,Cookie,Bagel,Iced Coffee,Brownie"
313,"Wrap,Americano,Macchiato,Tea,Green Tea,Salad,Pasta"
314,"Cappuccino,Green Tea,Bagel,Salad,Pasta"
315,"Sandwich,Tea,Donut,Iced Coffee,Salad,Panini,Black Coffee"
316,"Cappuccino,Chai Latte,Muffin,Granola Bowl,Macchiato,Salad,Pasta,Panini"
317,"Espresso,Wrap,Donut,Tea,Mocha,Iced Coffee,Pasta,Black Coffee"
318,"Latte,Macchiato,Cookie,Green Tea,Salad,Pasta"
319,"Iced Coffee,Sandwich,Cookie,Hot Chocolate"
320,"Sandwich,Chai Latte,Wrap,Cookie,Mocha,Iced Coffee"
321,"Bagel,Salad,Pasta"
322,"Latte,Waffles,Croissant,Tea,Donut,Fruit Parfait,Black Coffee"
323,"Latte,Americano,Waffles,Iced Coffee,Salad,Pasta"
324,"Espresso,Latte,Americano,Donut,Mocha,Salad,Pasta"
325,"Croissant,Panini,Salad,Pasta"
326,"Pasta,Black Coffee,Donut"
327,"Omelette,Croissant,Tea,Salad,Pasta"
328,"Omelette,Donut,Mocha,Iced Coffee,Panini,Black Coffee"
329,"Muffin,Macchiato,Cookie,Mocha,Iced Coffee"
330,"Wrap,Cappuccino,Americano,Cookie,Iced Coffee"
331,"Wrap,Iced Coffee,Cookie"
332,"Smoothie,Cookie,Mocha,Salad,Pasta"
333,"Tea,Salad,Pasta"
334,"Brownie,Waffles,Salad,Pasta"
335,"Chai Latte,Americano,Granola Bowl,Muffin,Avocado Toast,Mocha,Salad,Pasta"
336,"Wrap,Donut,Fruit Parfait,Salad,Pasta"
337,"Chai Latte,Tea,Donut,Iced Coffee,Black Coffee"
338,"Wrap,Sandwich,Americano,Waffles,Donut,Fruit Parfait,Black Coffee"
339,"Sandwich,Muffin,Macchiato,Donut,Fruit Parfait,Black Coffee"
340,"Latte,Cookie,Donut,Bagel,Iced Coffee"
341,"Wrap,Sandwich,Muffin,Cheesecake,Salad,Pasta"
342,"Cappuccino,Chai Latte,Cookie,Iced Coffee,Pasta"
343,"Espresso,Americano,Cookie,Cheesecake,Iced Coffee"
344,"Omelette,Pasta,Black Coffee,Donut"
345,"Latte,Americano,Granola Bowl,Donut,Green Tea,Iced Coffee,Black Coffee"
346,"Avocado Toast,Salad,Pasta"
347,"Chai Latte,Waffles,Muffin,Donut,Mocha,Green Tea,Salad,Pasta"
348,"Muffin,Green Tea,Black Coffee,Donut"
349,"Espresso,Wrap,Donut,Salad,Black Coffee"
350,"Brownie,Black Coffee,Donut"
351,"Mocha,Salad,Cappuccino,Pasta"
352,"Espresso,Sandwich,Smoothie,Cookie,Tea,Avocado Toast,Green Tea,Iced Coffee"
353,"Black Coffee,Tea,Sandwich,Donut"
354,"Pasta,Brownie,Black Coffee,Donut"
355,"Smoothie,Cookie,Green Tea,Mocha,Fruit Parfait,Salad,Pasta"
356,"Hot Chocolate,Cookie,Fruit Parfait,Salad,Pasta"
357,"Granola Bowl,Macchiato,Smoothie,Cookie,Cheesecake,Iced Coffee,Fruit Parfait,Bagel"
358,"Sandwich,Chai Latte,Macchiato,Donut,Avocado Toast,Tea,Brownie,Black Coffee"
359,"Wrap,Cappuccino,Chai Latte,Macchiato,Cookie,Iced Coffee"
360,"Americano,Iced Coffee,Cookie"
361,"Latte,Chai Latte,Granola Bowl,Donut,Black Coffee"
362,"Hot Chocolate,Granola Bowl,Donut,Bagel,Black Coffee"
363,"Black Coffee,Fruit Parfait,Donut"
364,"Panini,Iced Coffee,Fruit Parfait,Cookie"
365,"Espresso,Wrap,Salad,Pasta,Black Coffee"
366,"Muffin,Macchiato,Donut,Panini,Black Coffee"
367,"Hot Chocolate,Granola Bowl,Croissant,Cookie,Salad,Pasta,Black Coffee"
368,"Muffin,Granola Bowl,Cookie,Iced Coffee,Fruit Parfait,Brownie,Black Coffee"
369,"Iced Coffee,Granola Bowl,Cookie"
370,"Americano,Cookie,Tea,Avocado Toast,Bagel,Iced Coffee"
371,"Omelette,Waffles,Cookie,Tea,Salad,Fruit Parfait,Pasta"
372,"Chai Latte,Americano,Granola Bowl,Donut,Black Coffee"
373,"Omelette,Black Coffee,Donut"
374,"Sandwich,Muffin,Waffles,Donut,Black Coffee"
375,"Cappuccino,Chai Latte,Donut,Fruit Parfait,Panini,Black Coffee"
376,"Black Coffee,Iced Coffee,Macchiato,Cookie"
377,"Hot Chocolate,Muffin,Cookie,Iced Coffee,Fruit Parfait"
378,"Avocado Toast,Cheesecake,Salad,Pasta,Panini"
379,"Sandwich,Waffles,Cookie,Iced Coffee,Pasta,Panini"
380,"Hot Chocolate,Waffles,Fruit Parfait,Salad,Pasta,Brownie"
381,"Black Coffee,Cappuccino,Donut"
382,"Fruit Parfait,Salad,Hot Chocolate,Pasta"
383,"Chai Latte,Americano,Tea,Bagel,Iced Coffee,Salad,Pasta"
384,"Sandwich,Latte,Tea,Donut,Panini,Black Coffee"
385,"Bagel,Iced Coffee,Latte,Cookie"
386,"Brownie,Black Coffee,Latte,Donut"
387,"Muffin,Cookie,Mocha,Green Tea,Iced Coffee"
388,"Americano,Salad,Espresso,Pasta"
389,"Sandwich,Cappuccino,Omelette,Croissant,Donut,Tea,Black Coffee"
390,"Iced Coffee,Fruit Parfait,Cookie"
391,"Americano,Black Coffee,Granola Bowl,Donut"
392,"Sandwich,Donut,Iced Coffee,Salad,Pasta,Black Coffee"
393,"Croissant,Cookie,Iced Coffee,Salad,Pasta"
394,"Mocha,Iced Coffee,Cookie,Muffin"
395,"Latte,Muffin,Donut,Cheesecake,Bagel,Mocha,Black Coffee"
396,"Cappuccino,Tea,Cheesecake,Salad,Pasta"
397,"Smoothie,Waffles,Cookie,Iced Coffee,Salad"
398,"Espresso,Hot Chocolate,Americano,Cookie,Tea,Iced Coffee"
399,"Espresso,Cappuccino,Salad,Pasta,Brownie"
400,"Cappuccino,Omelette,Americano,Cookie,Cheesecake,Iced Coffee,Salad"
401,"Sandwich,Americano,Granola Bowl,Macchiato,Cookie,Mocha,Iced Coffee,Salad"
402,"Chai Latte,Muffin,Cookie,Cheesecake,Salad,Pasta"
403,"Hot Chocolate,Americano,Donut,Green Tea,Iced Coffee,Mocha,Black Coffee"
404,"Bagel,Salad,Granola Bowl,Pasta"
405,"Latte,Cookie,Cheesecake,Iced Coffee,Black Coffee"
406,"Macchiato,Iced Coffee,Salad,Pasta,Brownie"
407,"Mocha,Cappuccino,Iced Coffee,Cookie"
408,"Espresso,Cappuccino,Muffin,Mocha,Salad,Pasta"
409,"Black Coffee,Latte,Donut"
410,"Americano,Mocha,Iced Coffee,Cookie"
411,"Granola Bowl,Salad,Pasta"
412,"Iced Coffee,Salad,Hot Chocolate,Pasta"
413,"Iced Coffee,Latte,Cookie,Pasta"
414,"Granola Bowl,Iced Coffee,Espresso,Cookie"
415,"Espresso,Sandwich,Smoothie,Waffles,Salad,Pasta,Panini"
416,"Black Coffee,Salad,Espresso,Pasta"
417,"Waffles,Muffin,Salad,Pasta"
418,"Brownie,Black Coffee,Fruit Parfait,Donut"
419,"Sandwich,Macchiato,Cookie,Iced Coffee,Brownie"
420,"Smoothie,Cookie,Tea,Cheesecake,Iced Coffee,Mocha,Pasta"
421,"Wrap,Donut,Avocado Toast,Bagel,Black Coffee"
422,"Chai Latte,Granola Bowl,Bagel,Salad,Pasta,Panini"
423,"Chai Latte,Cheesecake,Black Coffee,Donut"
424,"Cookie,Tea,Donut,Green Tea,Black Coffee"
425,"Iced Coffee,Latte,Cookie"
426,"Cappuccino,Cookie,Tea,Green Tea,Iced Coffee,Panini"
427,"Cappuccino,Omelette,Macchiato,Cookie,Avocado Toast,Salad,Pasta,Brownie"
428,"Smoothie,Donut,Cheesecake,Salad,Pasta,Black Coffee"
429,"Iced Coffee,Cookie,Muffin"
430,"Waffles,Black Coffee,Wrap,Donut"
431,"Wrap,Iced Coffee,Cookie"
432,"Wrap,Croissant,Cookie,Mocha,Salad,Pasta"
433,"Iced Coffee,Cookie,Hot Chocolate"
434,"Wrap,Hot Chocolate,Croissant,Cookie,Green Tea,Salad,Pasta"
435,"Cappuccino,Latte,Cookie,Avocado Toast,Iced Coffee,Panini"
436,"Cappuccino,Cookie,Iced Coffee,Fruit Parfait,Panini"
437,"Chai Latte,Cookie,Tea,Iced Coffee,Fruit Parfait"
438,"Croissant,Cookie,Tea,Cheesecake,Iced Coffee"
439,"Mocha,Iced Coffee,Sandwich,Cookie"
440,"Smoothie,Croissant,Bagel,Salad,Pasta"
441,"Sandwich,Americano,Cookie,Cheesecake,Iced Coffee,Salad"
442,"Omelette,Salad,Pasta"
443,"Mocha,Iced Coffee,Cookie"
444,"Granola Bowl,Tea,Donut,Green Tea,Bagel,Salad,Pasta,Black Coffee"
445,"Omelette,Mocha,Iced Coffee,Cookie"
446,"Black Coffee,Granola Bowl,Donut"
447,"Sandwich,Waffles,Macchiato,Cookie,Iced Coffee,Salad,Black Coffee"
448,"Latte,Macchiato,Green Tea,Salad,Pasta"
449,"Macchiato,Salad,Pasta"
450,"Cookie,Cheesecake,Iced Coffee,Salad,Pasta,Black Coffee"
451,"Americano,Mocha,Salad,Pasta"
452,"Sandwich,Smoothie,Mocha,Salad,Pasta"
453,"Chai Latte,Iced Coffee,Cookie,Pasta"
454,"Avocado Toast,Black Coffee,Espresso,Donut"
455,"Black Coffee,Cappuccino,Donut"
456,"Waffles,Avocado Toast,Bagel,Salad,Pasta"
457,"Sandwich,Hot Chocolate,Cookie,Mocha,Iced Coffee"
458,"Latte,Muffin,Donut,Pasta,Black Coffee"
459,"Latte,Omelette,Cookie,Avocado Toast,Iced Coffee,Fruit Parfait"
460,"Cappuccino,Smoothie,Croissant,Salad,Pasta"
461,"Espresso,Latte,Americano,Granola Bowl,Macchiato,Donut,Pasta,Black Coffee"
462,"Smoothie,Macchiato,Cookie,Avocado Toast,Iced Coffee,Pasta"
463,"Cookie,Tea,Green Tea,Iced Coffee,Bagel,Pasta,Brownie"
464,"Cappuccino,Iced Coffee,Espresso,Cookie"
465,"Panini,Iced Coffee,Cookie"
466,"Omelette,Iced Coffee,Sandwich,Cookie"
467,"Cookie,Bagel,Iced Coffee,Salad,Pasta"
468,"Espresso,Chai Latte,Iced Coffee,Salad,Pasta"
469,"Espresso,Cappuccino,Chai Latte,Cookie,Iced Coffee"
470,"Omelette,Macchiato,Donut,Avocado Toast,Panini,Black Coffee"
471,"Espresso,Chai Latte,Cookie,Iced Coffee,Salad,Brownie"
472,"Macchiato,Salad,Donut,Pasta"
473,"Smoothie,Donut,Bagel,Salad,Black Coffee"
474,"Wrap,Macchiato,Donut,Salad,Pasta"
475,"Wrap,Latte,Granola Bowl,Cookie,Iced Coffee,Fruit Parfait"
476,"Panini,Salad,Pasta"
477,"Waffles,Black Coffee,Donut"
478,"Wrap,Macchiato,Donut,Panini,Black Coffee"
479,"Cookie,Iced Coffee,Fruit Parfait,Brownie,Panini"
480,"Chai Latte,Tea,Donut,Fruit Parfait,Black Coffee"
481,"Smoothie,Salad,Granola Bowl,Pasta"
482,"Smoothie,Granola Bowl,Avocado Toast,Salad,Pasta"
483,"Latte,Hot Chocolate,Omelette,Tea,Salad,Pasta,Brownie,Black Coffee"
484,"Croissant,Salad,Donut,Pasta"
485,"Espresso,Americano,Donut,Mocha,Panini,Black Coffee"
486,"Hot Chocolate,Omelette,Smoothie,Croissant,Donut,Cheesecake,Salad,Black Coffee"
487,"Americano,Tea,Iced Coffee,Salad,Pasta"
488,"Waffles,Granola Bowl,Cookie,Donut,Cheesecake,Iced Coffee"
489,"Waffles,Iced Coffee,Cookie"
490,"Smoothie,Iced Coffee,Sandwich,Cookie"
491,"Sandwich,Macchiato,Bagel,Salad,Pasta"
492,"Cookie,Black Coffee,Latte,Donut"
493,"Hot Chocolate,Macchiato,Iced Coffee,Salad,Pasta,Black Coffee"
494,"Espresso,Latte,Macchiato,Cookie,Iced Coffee"
495,"Latte,Cappuccino,Omelette,Cheesecake,Bagel,Salad,Pasta"
496,"Waffles,Donut,Mocha,Pasta,Brownie,Black Coffee"
497,"Salad,Sandwich,Pasta"
498,"Croissant,Muffin,Salad,Pasta"
499,"Espresso,Smoothie,Mocha,Salad,Pasta"
500,"Hot Chocolate,Donut,Cheesecake,Salad,Pasta"
501,"Americano,Cookie,Avocado Toast,Salad,Pasta"
502,"Latte,Waffles,Iced Coffee,Salad,Pasta"
503,"Latte,Hot Chocolate,Omelette,Cookie,Iced Coffee"
504,"Muffin,Waffles,Granola Bowl,Donut,Black Coffee"
505,"Sandwich,Granola Bowl,Macchiato,Cookie,Iced Coffee,Black Coffee"
506,"Hot Chocolate,Avocado Toast,Mocha,Bagel,Salad,Pasta"
507,"Waffles,Iced Coffee,Espresso,Cookie"
508,"Americano,Croissant,Macchiato,Cookie,Cheesecake,Iced Coffee,Fruit Parfait"
509,"Iced Coffee,Cookie,Chai Latte"
510,"Omelette,Donut,Green Tea,Salad,Black Coffee"
511,"Hot Chocolate,Cookie,Avocado Toast,Iced Coffee,Salad"
512,"Donut,Iced Coffee,Fruit Parfait,Panini,Black Coffee"
513,"Espresso,Sandwich,Chai Latte,Donut,Salad,Pasta"
514,"Avocado Toast,Black Coffee,Sandwich,Donut"
515,"Black Coffee,Cappuccino,Donut"
516,"Hot Chocolate,Chai Latte,Smoothie,Cookie,Iced Coffee"
517,"Croissant,Mocha,Salad,Pasta"
518,"Wrap,Chai Latte,Latte,Donut,Black Coffee"
519,"Espresso,Cookie,Avocado Toast,Iced Coffee,Brownie,Black Coffee"
520,"Cookie,Avocado Toast,Iced Coffee,Brownie,Panini"
521,"Americano,Cookie,Donut,Tea,Cheesecake,Pasta,Black Coffee"
522,"Espresso,Granola Bowl,Cookie,Salad,Pasta,Panini"
523,"Panini,Black Coffee,Tea,Donut"
524,"Iced Coffee,Fruit Parfait,Espresso,Cookie"
525,"Waffles,Black Coffee,Cookie,Donut"
526,"Black Coffee,Croissant,Iced Coffee,Donut"
527,"Green Tea,Iced Coffee,Sandwich,Cookie"
528,"Espresso,Waffles,Macchiato,Green Tea,Salad,Pasta,Panini"
529,"Smoothie,Salad,Pasta"
530,"Chai Latte,Americano,Donut,Green Tea,Pasta,Brownie,Black Coffee"
531,"Salad,Wrap,Pasta"
532,"Hot Chocolate,Americano,Waffles,Cookie,Avocado Toast,Iced Coffee"
533,"Espresso,Chai Latte,Muffin,Donut,Avocado Toast,Black Coffee"
534,"Americano,Cookie,Avocado Toast,Green Tea,Iced Coffee"
535,"Cookie,Donut,Mocha,Brownie,Panini,Black Coffee"
536,"Sandwich,Cookie,Donut,Avocado Toast,Iced Coffee"
537,"Omelette,Smoothie,Croissant,Salad,Pasta,Brownie,Black Coffee"
538,"Sandwich,Americano,Tea,Donut,Iced Coffee,Black Coffee"
539,"Espresso,Wrap,Sandwich,Cappuccino,Donut,Mocha,Brownie,Black Coffee"
540,"Black Coffee,Tea,Cookie,Donut"
541,"Sandwich,Americano,Muffin,Cheesecake,Iced Coffee,Salad,Pasta"
542,"Iced Coffee,Cookie,Chai Latte"
543,"Panini,Waffles,Salad,Pasta"
544,"Wrap,Chai Latte,Americano,Donut,Cheesecake,Mocha,Black Coffee"
545,"Latte,Cookie,Donut,Salad,Pasta,Black Coffee"
546,"Donut,Cheesecake,Green Tea,Pasta,Black Coffee"
547,"Croissant,Cookie,Donut,Cheesecake,Iced Coffee,Fruit Parfait"
548,"Omelette,Salad,Pasta"
549,"Espresso,Smoothie,Croissant,Donut,Avocado Toast,Iced Coffee,Black Coffee"
550,"Waffles,Salad,Latte,Pasta"
551,"Smoothie,Macchiato,Donut,Brownie,Black Coffee"
552,"Hot Chocolate,Granola Bowl,Macchiato,Avocado Toast,Salad,Pasta"
553,"Wrap,Latte,Cookie,Iced Coffee,Black Coffee"
554,"Cappuccino,Chai Latte,Americano,Macchiato,Mocha,Salad,Pasta"
555,"Green Tea,Black Coffee,Salad,Donut"
556,"Waffles,Muffin,Salad,Pasta"
557,"Muffin,Donut,Iced Coffee,Fruit Parfait,Panini,Black Coffee"
558,"Iced Coffee,Sandwich,Cookie,Hot Chocolate"
559,"Black Coffee,Tea,Latte,Donut"
560,"Fruit Parfait,Granola Bowl,Salad,Pasta"
561,"Omelette,Black Coffee,Tea,Donut"
562,"Cappuccino,Chai Latte,Wrap,Salad,Pasta,Brownie"
563,"Brownie,Salad,Pasta"
564,"Smoothie,Iced Coffee,Macchiato,Cookie"
565,"Muffin,Donut,Cheesecake,Salad,Pasta"
566,"Brownie,Chai Latte,Salad,Pasta"
567,"Hot Chocolate,Smoothie,Muffin,Cookie,Iced Coffee"
568,"Wrap,Omelette,Salad,Pasta,Black Coffee"
569,"Chai Latte,Americano,Donut,Cheesecake,Black Coffee"
570,"Smoothie,Iced Coffee,Cookie"
571,"Hot Chocolate,Cookie,Donut,Iced Coffee,Pasta"
572,"Latte,Cappuccino,Donut,Fruit Parfait,Panini,Black Coffee"
573,"Omelette,Donut,Cheesecake,Iced Coffee,Panini,Black Coffee"
574,"Mocha,Black Coffee,Cookie,Donut"
575,"Croissant,Smoothie,Salad,Pasta"
576,"Bagel,Pasta,Black Coffee,Donut"
577,"Bagel,Iced Coffee,Cookie"
578,"Granola Bowl,Cookie,Donut,Mocha,Salad,Black Coffee"
579,"Omelette,Black Coffee,Salad,Donut"
580,"Chai Latte,Mocha,Bagel,Salad,Pasta,Panini"
581,"Americano,Iced Coffee,Cookie"
582,"Omelette,Waffles,Iced Coffee,Cookie"
583,"Croissant,Chai Latte,Salad,Pasta"
584,"Muffin,Cookie,Donut,Iced Coffee,Black Coffee"
585,"Granola Bowl,Salad,Pasta"
586,"Latte,Sandwich,Wrap,Donut,Cheesecake,Salad,Pasta,Panini"
587,"Espresso,Macchiato,Croissant,Donut,Panini,Black Coffee"
588,"Sandwich,Cookie,Cheesecake,Bagel,Fruit Parfait,Iced Coffee"
589,"Avocado Toast,Iced Coffee,Espresso,Cookie"
590,"Cappuccino,Chai Latte,Croissant,Donut,Avocado Toast,Black Coffee"
591,"Salad,Espresso,Pasta"
592,"Chai Latte,Muffin,Cookie,Iced Coffee,Brownie"
593,"Espresso,Cookie,Green Tea,Iced Coffee,Panini"
594,"Espresso,Latte,Smoothie,Donut,Bagel,Fruit Parfait,Brownie,Black Coffee"
595,"Croissant,Waffles,Salad,Pasta"
596,"Wrap,Tea,Iced Coffee,Salad,Pasta"
597,"Smoothie,Donut,Tea,Bagel,Pasta,Black Coffee"
598,"Cappuccino,Cheesecake,Fruit Parfait,Salad,Pasta,Brownie"
599,"Cappuccino,Chai Latte,Latte,Waffles,Cookie,Mocha,Salad,Pasta"
600,"Salad,Donut,Pasta"
601,"Omelette,Cookie,Tea,Donut,Iced Coffee,Panini,Black Coffee"
602,"Brownie,Salad,Pasta"
603,"Wrap,Croissant,Cookie,Donut,Mocha,Salad,Pasta,Panini"
604,"Wrap,Iced Coffee,Latte,Cookie"
605,"Americano,Macchiato,Avocado Toast,Bagel,Salad,Pasta"
606,"Black Coffee,Granola Bowl,Hot Chocolate,Donut"
607,"Wrap,Donut,Mocha,Bagel,Black Coffee"
608,"Croissant,Cheesecake,Salad,Pasta"
609,"Espresso,Granola Bowl,Macchiato,Cookie,Donut,Iced Coffee"
610,"Latte,Donut,Avocado Toast,Tea,Mocha,Black Coffee"
611,"Cappuccino,Granola Bowl,Cookie,Mocha,Iced Coffee"
612,"Iced Coffee,Granola Bowl,Cookie,Hot Chocolate"
613,"Fruit Parfait,Salad,Pasta"
614,"Latte,Omelette,Americano,Donut,Black Coffee"
615,"Donut,Avocado Toast,Mocha,Salad,Pasta"
616,"Croissant,Macchiato,Donut,Cheesecake,Black Coffee"
617,"Smoothie,Cookie,Iced Coffee,Fruit Parfait,Black Coffee"
618,"Smoothie,Black Coffee,Donut"
619,"Bagel,Salad,Granola Bowl,Pasta"
620,"Iced Coffee,Croissant,Cookie"
621,"Iced Coffee,Cookie,Donut"
622,"Waffles,Salad,Latte,Pasta"
623,"Espresso,Hot Chocolate,Salad,Pasta,Panini"
624,"Salad,Latte,Cappuccino,Pasta"
625,"Cappuccino,Granola Bowl,Green Tea,Salad,Pasta,Brownie"
626,"Macchiato,Black Coffee,Salad,Pasta"
627,"Fruit Parfait,Salad,Pasta"
628,"Granola Bowl,Cookie,Donut,Iced Coffee,Fruit Parfait,Salad"
629,"Wrap,Cappuccino,Waffles,Cookie,Mocha,Iced Coffee,Pasta,Black Coffee"
630,"Salad,Hot Chocolate,Pasta"
631,"Hot Chocolate,Americano,Granola Bowl,Smoothie,Salad,Pasta"
632,"Wrap,Americano,Donut,Salad,Pasta"
633,"Omelette,Black Coffee,Cookie,Donut"
634,"Avocado Toast,Cappuccino,Iced Coffee,Cookie"
635,"Wrap,Hot Chocolate,Donut,Pasta,Black Coffee"
636,"Latte,Hot Chocolate,Smoothie,Croissant,Donut,Mocha,Salad,Pasta"
637,"Donut,Avocado Toast,Salad,Pasta,Panini"
638,"Iced Coffee,Cookie,Pasta"
639,"Hot Chocolate,Salad,Latte,Pasta"
640,"Chai Latte,Waffles,Muffin,Cookie,Iced Coffee,Black Coffee"
641,"Iced Coffee,Croissant,Cookie"
642,"Panini,Salad,Pasta"
643,"Muffin,Black Coffee,Donut"
644,"Wrap,Waffles,Cookie,Donut,Mocha,Black Coffee"
645,"Wrap,Iced Coffee,Cookie"
646,"Avocado Toast,Iced Coffee,Cookie,Pasta"
647,"Latte,Chai Latte,Donut,Fruit Parfait,Black Coffee"
648,"Hot Chocolate,Donut,Fruit Parfait,Salad,Black Coffee"
649,"Wrap,Muffin,Cookie,Avocado Toast,Green Tea,Iced Coffee"
650,"Brownie,Black Coffee,Donut"
651,"Sandwich,Muffin,Donut,Avocado Toast,Black Coffee"
652,"Fruit Parfait,Salad,Pasta"
653,"Hot Chocolate,Smoothie,Granola Bowl,Salad,Pasta"
654,"Avocado Toast,Iced Coffee,Cookie,Chai Latte"
655,"Avocado Toast,Black Coffee,Espresso,Donut"
656,"Fruit Parfait,Salad,Pasta"
657,"Americano,Macchiato,Croissant,Cookie,Iced Coffee,Brownie"
658,"Wrap,Iced Coffee,Omelette,Cookie"
659,"Black Coffee,Tea,Cappuccino,Donut"
660,"Avocado Toast,Americano,Iced Coffee,Cookie"
661,"Chai Latte,Americano,Donut,Tea,Bagel,Salad,Black Coffee"
662,"Cookie,Cheesecake,Iced Coffee,Salad,Brownie"
663,"Muffin,Donut,Mocha,Salad,Pasta,Black Coffee"
664,"Chai Latte,Americano,Iced Coffee,Salad,Pasta,Panini"
665,"Waffles,Iced Coffee,Cookie"
666,"Espresso,Cappuccino,Americano,Macchiato,Cookie,Avocado Toast,Iced Coffee"
667,"Croissant,Mocha,Salad,Pasta"
668,"Americano,Muffin,Donut,Bagel,Fruit Parfait,Black Coffee"
669,"Fruit Parfait,Muffin,Salad,Pasta"
670,"Smoothie,Black Coffee,Donut"
671,"Cappuccino,Sandwich,Donut,Green Tea,Salad,Pasta"
672,"Macchiato,Mocha,Iced Coffee,Salad,Pasta"
673,"Avocado Toast,Black Coffee,Omelette,Donut"
674,"Cappuccino,Muffin,Cookie,Tea,Donut,Bagel,Pasta,Black Coffee"
675,"Chai Latte,Granola Bowl,Waffles,Smoothie,Salad,Pasta"
676,"Chai Latte,Smoothie,Donut,Mocha,Green Tea,Black Coffee"
677,"Smoothie,Iced Coffee,Cookie,Muffin"
678,"Latte,Hot Chocolate,Cookie,Iced Coffee,Fruit Parfait,Bagel,Pasta"
679,"Hot Chocolate,Salad,Latte,Pasta"
680,"Sandwich,Granola Bowl,Donut,Salad,Black Coffee"
681,"Iced Coffee,Salad,Cookie,Tea"
682,"Chai Latte,Hot Chocolate,Croissant,Donut,Tea,Mocha,Iced Coffee,Black Coffee"
683,"Granola Bowl,Donut,Cheesecake,Panini,Black Coffee"
684,"Croissant,Salad,Pasta"
685,"Latte,Americano,Donut,Green Tea,Pasta,Black Coffee"
686,"Muffin,Salad,Pasta"
687,"Iced Coffee,Sandwich,Espresso,Cookie"
688,"Brownie,Iced Coffee,Wrap,Cookie"
689,"Cappuccino,Granola Bowl,Donut,Green Tea,Black Coffee"
690,"Hot Chocolate,Granola Bowl,Tea,Donut,Salad,Black Coffee"
691,"Smoothie,Donut,Green Tea,Pasta,Brownie,Black Coffee"
692,"Waffles,Iced Coffee,Granola Bowl,Cookie"
693,"Croissant,Macchiato,Salad,Pasta"
694,"Avocado Toast,Mocha,Salad,Pasta,Brownie,Panini"
695,"Latte,Muffin,Cookie,Iced Coffee,Black Coffee"
696,"Bagel,Iced Coffee,Salad,Pasta,Panini"
697,"Avocado Toast,Black Coffee,Iced Coffee,Cookie"
698,"Pasta,Black Coffee,Espresso,Donut"
699,"Sandwich,Cookie,Donut,Cheesecake,Salad,Pasta"
700,"Espresso,Cappuccino,Latte,Donut,Mocha,Black Coffee"
701,"Omelette,Muffin,Black Coffee,Donut"
702,"Omelette,Smoothie,Waffles,Cookie,Tea,Iced Coffee"
703,"Latte,Donut,Iced Coffee,Salad,Pasta"
704,"Chai Latte,Americano,Black Coffee,Donut"
705,"Croissant,Macchiato,Cookie,Iced Coffee,Panini"
706,"Cappuccino,Sandwich,Salad,Pasta,Black Coffee"
707,"Wrap,Croissant,Cookie,Donut,Black Coffee"
708,"Hot Chocolate,Smoothie,Cookie,Iced Coffee,Black Coffee"
709,"Americano,Black Coffee,Donut"
710,"Salad,Cookie,Pasta"
711,"Black Coffee,Salad,Donut"
712,"Waffles,Avocado Toast,Mocha,Salad,Pasta"
713,"Iced Coffee,Tea,Cookie,Chai Latte"
714,"Granola Bowl,Salad,Pasta"
715,"Salad,Donut,Sandwich,Pasta"
716,"Bagel,Iced Coffee,Sandwich,Cookie"
717,"Latte,Waffles,Mocha,Salad,Pasta"
718,"Espresso,Cookie,Donut,Mocha,Iced Coffee,Fruit Parfait"
719,"Wrap,Cappuccino,Tea,Donut,Cheesecake,Black Coffee"
720,"Macchiato,Cookie,Avocado Toast,Iced Coffee,Salad"
721,"Omelette,Black Coffee,Latte,Donut"
722,"Latte,Cookie,Iced Coffee,Pasta,Black Coffee"
723,"Black Coffee,Espresso,Wrap,Donut"
724,"Muffin,Black Coffee,Granola Bowl,Donut"
725,"Cookie,Donut,Iced Coffee,Fruit Parfait,Salad"
726,"Sandwich,Wrap,Americano,Granola Bowl,Tea,Salad,Pasta"
727,"Smoothie,Cookie,Bagel,Iced Coffee,Pasta"
728,"Hot Chocolate,Waffles,Cookie,Tea,Iced Coffee,Black Coffee"
729,"Espresso,Muffin,Cookie,Iced Coffee,Fruit Parfait"
730,"Cheesecake,Black Coffee,Latte,Donut"
731,"Wrap,Americano,Avocado Toast,Mocha,Fruit Parfait,Salad,Pasta"
732,"Sandwich,Donut,Green Tea,Cheesecake,Salad,Iced Coffee,Black Coffee"
733,"Latte,Hot Chocolate,Donut,Salad,Pasta"
734,"Cheesecake,Black Coffee,Fruit Parfait,Donut"
735,"Sandwich,Muffin,Cookie,Salad,Pasta"
736,"Iced Coffee,Cookie,Donut"
737,"Muffin,Black Coffee,Donut"
738,"Omelette,Bagel,Iced Coffee,Salad,Pasta"
739,"Sandwich,Iced Coffee,Salad,Cookie"
740,"Hot Chocolate,Croissant,Tea,Avocado Toast,Salad,Pasta"
741,"Espresso,Omelette,Cookie,Iced Coffee,Black Coffee"
742,"Espresso,Americano,Macchiato,Donut,Avocado Toast,Mocha,Salad,Black Coffee"
743,"Cappuccino,Iced Coffee,Cookie,Pasta"
744,"Hot Chocolate,Americano,Tea,Mocha,Salad,Pasta"
745,"Cappuccino,Fruit Parfait,Salad,Pasta,Black Coffee"
746,"Iced Coffee,Salad,Cappuccino,Pasta"
747,"Cappuccino,Wrap,Granola Bowl,Salad,Pasta,Black Coffee"
748,"Muffin,Cookie,Cheesecake,Iced Coffee,Panini"
749,"Mocha,Black Coffee,Cookie,Donut"
750,"Sandwich,Cappuccino,Waffles,Muffin,Donut,Iced Coffee,Black Coffee"
751,"Espresso,Croissant,Cookie,Tea,Cheesecake,Iced Coffee"
752,"Smoothie,Black Coffee,Donut"
753,"Panini,Iced Coffee,Fruit Parfait,Cookie"
754,"Salad,Donut,Pasta"
755,"Cappuccino,Macchiato,Cookie,Iced Coffee,Panini"
756,"Mocha,Salad,Pasta"
757,"Granola Bowl,Croissant,Muffin,Cookie,Iced Coffee"
758,"Black Coffee,Latte,Donut"
759,"Omelette,Waffles,Macchiato,Cookie,Tea,Iced Coffee,Pasta"
760,"Hot Chocolate,Granola Bowl,Smoothie,Green Tea,Salad,Pasta,Panini"
761,"Omelette,Americano,Waffles,Donut,Avocado Toast,Black Coffee"
762,"Mocha,Iced Coffee,Salad,Pasta"
763,"Panini,Black Coffee,Latte,Donut"
764,"Chai Latte,Salad,Pasta"
765,"Sandwich,Latte,Croissant,Avocado Toast,Bagel,Salad,Pasta"
766,"Black Coffee,Iced Coffee,Fruit Parfait,Cookie"
767,"Bagel,Smoothie,Iced Coffee,Cookie"
768,"Wrap,Chai Latte,Macchiato,Donut,Salad,Pasta"
769,"Wrap,Croissant,Macchiato,Cookie,Avocado Toast,Salad,Pasta"
770,"Salad,Hot Chocolate,Pasta"
771,"Pasta,Black Coffee,Latte,Donut"
772,"Muffin,Cookie,Cheesecake,Iced Coffee,Fruit Parfait"
773,"Panini,Black Coffee,Donut"
774,"Espresso,Chai Latte,Waffles,Muffin,Cookie,Tea,Green Tea,Iced Coffee,Salad"
775,"Waffles,Avocado Toast,Cheesecake,Bagel,Salad,Pasta"
776,"Latte,Hot Chocolate,Macchiato,Donut,Mocha,Green Tea,Black Coffee"
777,"Americano,Iced Coffee,Cookie,Donut"
778,"Sandwich,Cappuccino,Hot Chocolate,Croissant,Salad,Pasta"
779,"Chai Latte,Cookie,Donut,Avocado Toast,Cheesecake,Iced Coffee"
780,"Wrap,Iced Coffee,Granola Bowl,Cookie"
781,"Latte,Americano,Croissant,Mocha,Salad,Pasta"
782,"Latte,Omelette,Muffin,Cookie,Cheesecake,Iced Coffee,Salad"
783,"Wrap,Hot Chocolate,Sandwich,Granola Bowl,Cookie,Tea,Mocha,Iced Coffee"
784,"Panini,Salad,Hot Chocolate,Pasta"
785,"Black Coffee,Latte,Sandwich,Donut"
786,"Avocado Toast,Green Tea,Salad,Pasta"
787,"Sandwich,Chai Latte,Hot Chocolate,Salad,Pasta"
788,"Sandwich,Americano,Cookie,Donut,Black Coffee"
789,"Americano,Salad,Pasta"
790,"Iced Coffee,Macchiato,Cookie"
791,"Americano,Black Coffee,Latte,Donut"
792,"Smoothie,Donut,Green Tea,Salad,Panini,Black Coffee"
793,"Avocado Toast,Salad,Cookie,Pasta"
794,"Smoothie,Iced Coffee,Cookie"
795,"Avocado Toast,Salad,Wrap,Pasta"
796,"Wrap,Omelette,Donut,Panini,Black Coffee"
797,"Cookie,Salad,Latte,Pasta"
798,"Espresso,Muffin,Smoothie,Cookie,Donut,Pasta,Black Coffee"
799,"Muffin,Donut,Fruit Parfait,Panini,Black Coffee"
800,"Avocado Toast,Iced Coffee,Cookie,Pasta"
801,"Waffles,Salad,Cappuccino,Pasta"
802,"Black Coffee,Espresso,Wrap,Donut"
803,"Muffin,Black Coffee,Donut"
804,"Sandwich,Omelette,Americano,Croissant,Cheesecake,Salad,Pasta"
805,"Omelette,Iced Coffee,Latte,Cookie"
806,"Cookie,Salad,Wrap,Pasta"
807,"Wrap,Macchiato,Salad,Pasta,Black Coffee"
808,"Cheesecake,Salad,Pasta"
809,"Chai Latte,Tea,Avocado Toast,Salad,Pasta,Panini"
810,"Tea,Salad,Donut,Pasta"
811,"Bagel,Iced Coffee,Croissant,Cookie"
812,"Espresso,Americano,Cookie,Iced Coffee,Pasta"
813,"Smoothie,Black Coffee,Salad,Donut"
814,"Espresso,Americano,Smoothie,Macchiato,Salad,Pasta"
815,"Wrap,Waffles,Croissant,Cookie,Donut,Mocha,Iced Coffee"
816,"Wrap,Cappuccino,Iced Coffee,Cookie"
817,"Cappuccino,Muffin,Waffles,Cookie,Avocado Toast,Salad,Pasta"
818,"Omelette,Donut,Cheesecake,Pasta,Black Coffee"
819,"Avocado Toast,Chai Latte,Black Coffee,Donut"
820,"Omelette,Iced Coffee,Cookie"
821,"Iced Coffee,Salad,Pasta"
822,"Muffin,Cookie,Donut,Mocha,Bagel,Iced Coffee,Pasta,Brownie,Black Coffee"
823,"Wrap,Hot Chocolate,Chai Latte,Cookie,Green Tea,Iced Coffee,Cheesecake"
824,"Cookie,Black Coffee,Hot Chocolate,Donut"
825,"Wrap,Cappuccino,Croissant,Salad,Pasta"
826,"Macchiato,Tea,Donut,Pasta,Black Coffee"
827,"Wrap,Iced Coffee,Cookie"
828,"Chai Latte,Cookie,Avocado Toast,Iced Coffee,Fruit Parfait,Brownie"
829,"Smoothie,Cookie,Donut,Iced Coffee,Fruit Parfait,Panini,Black Coffee"
830,"Black Coffee,Fruit Parfait,Granola Bowl,Donut"
831,"Salad,Espresso,Pasta"
832,"Donut,Fruit Parfait,Pasta,Panini,Black Coffee"
833,"Omelette,Iced Coffee,Cookie"
834,"Sandwich,Smoothie,Waffles,Cookie,Tea,Iced Coffee"
835,"Sandwich,Croissant,Mocha,Salad,Pasta"
836,"Black Coffee,Hot Chocolate,Donut"
837,"Latte,Waffles,Granola Bowl,Muffin,Cookie,Mocha,Iced Coffee,Cheesecake"
838,"Avocado Toast,Black Coffee,Iced Coffee,Donut"
839,"Omelette,Croissant,Cookie,Avocado Toast,Iced Coffee"
840,"Americano,Smoothie,Cookie,Donut,Iced Coffee"
841,"Wrap,Americano,Granola Bowl,Avocado Toast,Cheesecake,Salad,Pasta"
842,"Hot Chocolate,Granola Bowl,Green Tea,Bagel,Salad,Pasta,Black Coffee"
843,"Latte,Waffles,Cookie,Tea,Green Tea,Iced Coffee,Fruit Parfait"
844,"Cappuccino,Macchiato,Bagel,Salad,Pasta"
845,"Sandwich,Croissant,Donut,Green Tea,Iced Coffee,Fruit Parfait,Cheesecake,Black Coffee"
846,"Muffin,Cookie,Mocha,Iced Coffee,Fruit Parfait,Pasta"
847,"Black Coffee,Cappuccino,Donut"
848,"Pasta,Iced Coffee,Cookie,Chai Latte"
849,"Americano,Smoothie,Donut,Mocha,Salad,Pasta"
850,"Smoothie,Black Coffee,Donut"
851,"Cheesecake,Granola Bowl,Muffin"
852,"Chai Latte,Muffin,Fruit Parfait,Brownie,Black Coffee"
853,"Hot Chocolate,Omelette,Smoothie,Croissant,Mocha,Pasta"
854,"Espresso,Omelette,Tea,Mocha,Bagel,Brownie"
855,"Latte,Sandwich,Muffin,Cookie,Mocha,Panini,Black Coffee"
856,"Sandwich,Americano,Granola Bowl,Macchiato,Green Tea"
857,"Cappuccino,Tea,Cheesecake,Iced Coffee,Bagel"
858,"Omelette,Green Tea,Tea"
859,"Avocado Toast,Espresso,Latte"
860,"Cheesecake,Salad,Chai Latte"
861,"Espresso,Omelette,Waffles,Granola Bowl,Tea,Avocado Toast,Fruit Parfait"
862,"Omelette,Fruit Parfait,Sandwich,Croissant"
863,"Green Tea,Iced Coffee,Latte"
864,"Cheesecake,Granola Bowl,Fruit Parfait,Chai Latte"
865,"Wrap,Macchiato,Cookie,Donut"
866,"Mocha,Black Coffee,Green Tea,Sandwich"
867,"Bagel,Waffles,Espresso,Cookie"
868,"Wrap,Sandwich,Americano,Macchiato,Tea,Avocado Toast,Mocha"
869,"Green Tea,Waffles,Espresso"
870,"Espresso,Chai Latte,Waffles,Macchiato,Mocha,Salad,Fruit Parfait,Panini,Black Coffee"
871,"Black Coffee,Salad,Donut,Muffin"
872,"Avocado Toast,Panini,Bagel,Latte"
873,"Cheesecake,Green Tea,Sandwich"
874,"Avocado Toast,Mocha,Chai Latte"
875,"Avocado Toast,Espresso,Sandwich"
876,"Americano,Waffles,Donut,Iced Coffee,Fruit Parfait,Pasta"
877,"Latte,Hot Chocolate,Americano,Cheesecake,Pasta"
878,"Espresso,Latte,Sandwich,Muffin,Macchiato,Tea,Panini"
879,"Brownie,Avocado Toast,Cookie,Hot Chocolate"
880,"Muffin,Donut,Avocado Toast,Cheesecake,Mocha,Pasta,Brownie"
881,"Hot Chocolate,Smoothie,Macchiato,Donut,Green Tea,Iced Coffee"
882,"Chai Latte,Omelette,Waffles,Green Tea,Fruit Parfait,Brownie"
883,"Avocado Toast,Black Coffee,Wrap,Muffin"
884,"Mocha,Smoothie,Sandwich,Tea"
885,"Espresso,Chai Latte,Omelette,Hot Chocolate,Smoothie,Cookie,Donut,Black Coffee"
886,"Sandwich,Hot Chocolate,Waffles,Smoothie,Green Tea,Bagel,Black Coffee"
887,"Wrap,Cappuccino,Granola Bowl,Tea,Donut,Green Tea,Mocha"
888,"Waffles,Cheesecake,Bagel,Mocha,Brownie"
889,"Granola Bowl,Croissant,Bagel,Fruit Parfait,Salad"
890,"Hot Chocolate,Omelette,Granola Bowl,Croissant,Donut"
891,"Waffles,Macchiato,Croissant,Iced Coffee,Salad,Fruit Parfait"
892,"Avocado Toast,Americano,Panini,Latte"
893,"Panini,Black Coffee,Macchiato,Donut"
894,"Cookie,Granola Bowl,Sandwich"
895,"Sandwich,Macchiato,Cookie,Iced Coffee,Salad"
896,"Wrap,Muffin,Croissant,Avocado Toast,Mocha"
897,"Cappuccino,Wrap,Granola Bowl,Mocha,Green Tea,Iced Coffee,Brownie"
898,"Smoothie,Espresso,Pasta"
899,"Americano,Smoothie,Sandwich,Tea"
900,"Brownie,Granola Bowl,Pasta"
901,"Cappuccino,Latte,Sandwich,Muffin,Macchiato,Tea,Salad"
902,"Americano,Muffin,Macchiato,Pasta,Brownie"
903,"Americano,Tea,Green Tea,Pasta,Brownie,Black Coffee"
904,"Espresso,Omelette,Donut,Salad,Panini"
905,"Omelette,Cheesecake,Latte,Cappuccino"
906,"Waffles,Salad,Hot Chocolate,Pasta"
907,"Green Tea,Croissant,Espresso,Sandwich"
908,"Latte,Chai Latte,Omelette,Cappuccino,Smoothie,Macchiato,Fruit Parfait"
909,"Latte,Croissant,Tea,Mocha,Brownie"
910,"Waffles,Mocha,Green Tea,Fruit Parfait,Pasta,Panini,Black Coffee"
911,"Chai Latte,Waffles,Croissant,Donut,Black Coffee"
912,"Granola Bowl,Smoothie,Cookie,Avocado Toast,Salad,Panini"
913,"Brownie,Smoothie,Black Coffee,Chai Latte"
914,"Hot Chocolate,Granola Bowl,Croissant,Green Tea,Brownie"
915,"Americano,Waffles,Macchiato,Iced Coffee,Pasta"
916,"Black Coffee,Waffles,Green Tea,Cookie"
917,"Latte,Cappuccino,Americano,Smoothie,Tea,Cheesecake"
918,"Iced Coffee,Salad,Hot Chocolate,Chai Latte"
919,"Granola Bowl,Macchiato,Cookie,Fruit Parfait,Salad"
920,"Chai Latte,Waffles,Muffin,Donut,Green Tea"
921,"Omelette,Black Coffee,Granola Bowl,Wrap"
922,"Chai Latte,Omelette,Smoothie,Donut,Salad"
923,"Panini,Macchiato,Wrap"
924,"Latte,Green Tea,Cheesecake,Fruit Parfait,Panini"
925,"Brownie,Cheesecake,Muffin"
926,"Avocado Toast,Americano,Fruit Parfait,Espresso"
927,"Cheesecake,Granola Bowl,Green Tea"
928,"Hot Chocolate,Smoothie,Waffles,Donut,Cheesecake"
929,"Americano,Muffin,Macchiato,Green Tea,Iced Coffee"
930,"Iced Coffee,Macchiato,Wrap,Hot Chocolate"
931,"Americano,Fruit Parfait,Latte"
932,"Cappuccino,Cheesecake,Bagel,Salad,Iced Coffee,Fruit Parfait"
933,"Espresso,Sandwich,Smoothie,Macchiato,Donut,Panini"
934,"Cappuccino,Chai Latte,Omelette,Americano,Muffin,Macchiato,Smoothie"
935,"Latte,Sandwich,Granola Bowl,Mocha,Iced Coffee"
936,"Green Tea,Espresso,Chai Latte"
937,"Espresso,Sandwich,Smoothie,Iced Coffee,Brownie"
938,"Hot Chocolate,Smoothie,Cookie,Tea,Green Tea"
939,"Sandwich,Wrap,Croissant,Salad,Brownie"
940,"Hot Chocolate,Avocado Toast,Salad,Pasta,Black Coffee"
941,"Americano,Salad,Panini,Donut"
942,"Chai Latte,Tea,Salad,Brownie,Panini,Black Coffee"
943,"Latte,Sandwich,Chai Latte,Waffles,Muffin,Iced Coffee,Fruit Parfait,Black Coffee"
944,"Panini,Iced Coffee,Wrap,Donut"
945,"Waffles,Croissant,Pasta"
946,"Macchiato,Cookie,Tea,Bagel,Iced Coffee,Fruit Parfait"
947,"Wrap,Hot Chocolate,Granola Bowl,Cookie,Mocha"
948,"Sandwich,Chai Latte,Croissant,Tea,Avocado Toast,Cheesecake,Pasta,Brownie"
949,"Granola Bowl,Fruit Parfait,Latte,Tea"
950,"Brownie,Americano,Cappuccino"
951,"Brownie,Muffin,Latte"
952,"Latte,Smoothie,Granola Bowl,Tea,Avocado Toast"
953,"Latte,Chai Latte,Omelette,Granola Bowl,Macchiato,Cookie,Pasta"
954,"Espresso,Latte,Hot Chocolate,Muffin,Mocha,Bagel,Fruit Parfait"
955,"Americano,Mocha,Salad,Cappuccino"
956,"Cheesecake,Donut,Wrap,Tea"
957,"Sandwich,Waffles,Donut,Avocado Toast,Iced Coffee,Pasta,Brownie"
958,"Croissant,Espresso,Sandwich,Pasta"
959,"Espresso,Cookie,Donut,Avocado Toast,Cheesecake,Brownie"
960,"Latte,Chai Latte,Wrap,Mocha,Pasta"
961,"Avocado Toast,Green Tea,Waffles"
962,"Muffin,Croissant,Sandwich"
963,"Smoothie,Waffles,Iced Coffee,Sandwich"
964,"Green Tea,Fruit Parfait,Cheesecake"
965,"Cappuccino,Sandwich,Chai Latte,Bagel,Salad"
966,"Espresso,Chai Latte,Waffles,Granola Bowl,Mocha,Brownie"
967,"Omelette,Iced Coffee,Salad,Avocado Toast"
968,"Sandwich,Wrap,Smoothie,Donut,Avocado Toast,Mocha"
969,"Sandwich,Muffin,Macchiato,Cookie,Pasta,Black Coffee"
970,"Latte,Americano,Cheesecake,Fruit Parfait,Salad"
971,"Wrap,Sandwich,Hot Chocolate,Smoothie,Black Coffee"
972,"Mocha,Fruit Parfait,Espresso"
973,"Omelette,Granola Bowl,Macchiato,Croissant,Green Tea,Cheesecake,Iced Coffee,Black Coffee"
974,"Cappuccino,Hot Chocolate,Green Tea,Iced Coffee,Bagel,Panini"
975,"Chai Latte,Omelette,Americano,Salad,Black Coffee"
976,"Sandwich,Wrap,Donut,Avocado Toast,Cheesecake,Salad,Pasta"
977,"Wrap,Cappuccino,Latte,Sandwich"
978,"Wrap,Waffles,Macchiato,Cheesecake,Green Tea,Salad"
979,"Hot Chocolate,Omelette,Cookie,Salad,Black Coffee"
980,"Espresso,Croissant,Iced Coffee,Pasta,Black Coffee"
981,"Americano,Black Coffee,Waffles,Sandwich"
982,"Omelette,Mocha,Muffin"
983,"Sandwich,Latte,Omelette,Waffles,Macchiato,Cheesecake,Pasta"
984,"Brownie,Iced Coffee,Tea"
985,"Croissant,Panini,Fruit Parfait"
986,"Panini,Mocha,Macchiato"
987,"Latte,Chai Latte,Hot Chocolate,Macchiato,Donut,Avocado Toast,Tea,Green Tea,Black Coffee"
988,"Espresso,Sandwich,Tea,Bagel,Fruit Parfait"
989,"Fruit Parfait,Wrap,Chai Latte"
990,"Omelette,Espresso,Sandwich,Pasta"
991,"Brownie,Americano,Green Tea,Salad"
992,"Americano,Waffles,Sandwich,Cookie"
993,"Omelette,Granola Bowl,Cookie,Brownie"
994,"Omelette,Smoothie,Croissant,Espresso"
995,"Espresso,Wrap,Cookie,Fruit Parfait,Pasta"
996,"Granola Bowl,Cookie,Cheesecake,Fruit Parfait,Brownie,Panini"
997,"Wrap,Muffin,Cappuccino,Avocado Toast"
998,"Brownie,Muffin,Macchiato,Tea"
999,"Wrap,Sandwich,Waffles,Croissant,Smoothie,Cookie,Tea,Avocado Toast,Cheesecake"
1000,"Hot Chocolate,Omelette,Smoothie,Muffin,Cheesecake"
